page,cat
Nhà Đinh,Thể_loại:Triều đại Việt Nam
Nhà Hậu Trần,Thể_loại:Triều đại Việt Nam
Nhà Lê sơ,Thể_loại:Triều đại Việt Nam
Nhà Lê trung hưng,Thể_loại:Triều đại Việt Nam
Nhà Ngô,Thể_loại:Triều đại Việt Nam
Nhà Hậu Lê,Thể_loại:Triều đại Việt Nam
Nhà Hồ,Thể_loại:Triều đại Việt Nam
Nhà Lý,Thể_loại:Triều đại Việt Nam
Nhà Mạc,Thể_loại:Triều đại Việt Nam
Nhà Nguyễn,Thể_loại:Triều đại Việt Nam
Nhà Tiền Lý,Thể_loại:Triều đại Việt Nam
Nhà Tây Sơn,Thể_loại:Triều đại Việt Nam
Thời kỳ Bắc thuộc lần thứ ba,Thể_loại:Triều đại Việt Nam
Thời kỳ Bắc thuộc lần thứ hai,Thể_loại:Triều đại Việt Nam
Thời kỳ Bắc thuộc lần thứ nhất,Thể_loại:Triều đại Việt Nam
Thời kỳ Bắc thuộc lần thứ tư,Thể_loại:Triều đại Việt Nam
Nhà Tiền Lê,Thể_loại:Triều đại Việt Nam
Kênh Nhà Lê,Thể loại:Nhà Tiền Lê
Nhà Triệu,Thể loại:Nhà Triệu
Nhà Trần,Thể loại:Nhà Trần
