cats,parent
Thể loại:Tháp Chăm,Thể_loại:Kiến_trúc_cổ_Việt_Nam
Thể loại:Đền thờ Ấn Độ giáo tại Việt Nam,Thể loại:Tháp Chăm
Thể loại:Đền thờ vua chúa Chăm Pa,Thể loại:Tháp Chăm
Thể loại:Chùa Việt Nam,Thể_loại:Kiến_trúc_cổ_Việt_Nam
Thể loại:Chùa Việt Nam theo tỉnh thành,Thể loại:Chùa Việt Nam
Thể loại:Chùa tại An Giang,Thể loại:Chùa Việt Nam theo tỉnh thành
Thể loại:Chùa tại Bạc Liêu,Thể loại:Chùa Việt Nam theo tỉnh thành
Thể loại:Chùa tại Bà Rịa – Vũng Tàu,Thể loại:Chùa Việt Nam theo tỉnh thành
Thể loại:Chùa tại Bắc Giang,Thể loại:Chùa Việt Nam theo tỉnh thành
Thể loại:Chùa tại Bắc Ninh,Thể loại:Chùa Việt Nam theo tỉnh thành
Thể loại:Chùa tại Bến Tre,Thể loại:Chùa Việt Nam theo tỉnh thành
Thể loại:Chùa tại Bình Định,Thể loại:Chùa Việt Nam theo tỉnh thành
Thể loại:Chùa tại Bình Dương,Thể loại:Chùa Việt Nam theo tỉnh thành
Thể loại:Chùa tại Bình Phước,Thể loại:Chùa Việt Nam theo tỉnh thành
Thể loại:Chùa tại Bình Thuận,Thể loại:Chùa Việt Nam theo tỉnh thành
Thể loại:Chùa tại Cần Thơ,Thể loại:Chùa Việt Nam theo tỉnh thành
Thể loại:Chùa tại Cà Mau,Thể loại:Chùa Việt Nam theo tỉnh thành
Thể loại:Chùa tại Đà Nẵng,Thể loại:Chùa Việt Nam theo tỉnh thành
Thể loại:Chùa tại Đắk Lắk,Thể loại:Chùa Việt Nam theo tỉnh thành
Thể loại:Chùa tại Đắk Nông,Thể loại:Chùa Việt Nam theo tỉnh thành
Thể loại:Chùa tại Đồng Tháp,Thể loại:Chùa Việt Nam theo tỉnh thành
Thể loại:Chùa tại Đồng Nai,Thể loại:Chùa Việt Nam theo tỉnh thành
Thể loại:Chùa tại Gia Lai,Thể loại:Chùa Việt Nam theo tỉnh thành
Thể loại:Chùa tại Hà Nam,Thể loại:Chùa Việt Nam theo tỉnh thành
Thể loại:Chùa tại Hà Nội,Thể loại:Chùa Việt Nam theo tỉnh thành
Thể loại:Chùa tại Hà Tĩnh,Thể loại:Chùa Việt Nam theo tỉnh thành
Thể loại:Chùa tại Hải Dương,Thể loại:Chùa Việt Nam theo tỉnh thành
Thể loại:Chùa tại Hải Phòng,Thể loại:Chùa Việt Nam theo tỉnh thành
Thể loại:Chùa tại Hòa Bình,Thể loại:Chùa Việt Nam theo tỉnh thành
Thể loại:Chùa tại Thành phố Hồ Chí Minh,Thể loại:Chùa Việt Nam theo tỉnh thành
Thể loại:Chùa tại Hưng Yên,Thể loại:Chùa Việt Nam theo tỉnh thành
Thể loại:Chùa tại Khánh Hòa,Thể loại:Chùa Việt Nam theo tỉnh thành
Thể loại:Chùa tại Kiên Giang,Thể loại:Chùa Việt Nam theo tỉnh thành
Thể loại:Chùa tại Kon Tum,Thể loại:Chùa Việt Nam theo tỉnh thành
Thể loại:Chùa tại Long An,Thể loại:Chùa Việt Nam theo tỉnh thành
Thể loại:Chùa tại Lạng Sơn,Thể loại:Chùa Việt Nam theo tỉnh thành
Thể loại:Chùa tại Lâm Đồng,Thể loại:Chùa Việt Nam theo tỉnh thành
Thể loại:Chùa tại Nam Định,Thể loại:Chùa Việt Nam theo tỉnh thành
Thể loại:Chùa tại Nghệ An,Thể loại:Chùa Việt Nam theo tỉnh thành
Thể loại:Chùa tại Ninh Bình,Thể loại:Chùa Việt Nam theo tỉnh thành
Thể loại:Chùa tại Phú Yên,Thể loại:Chùa Việt Nam theo tỉnh thành
Thể loại:Chùa tại Quảng Bình,Thể loại:Chùa Việt Nam theo tỉnh thành
Thể loại:Chùa tại Quảng Nam,Thể loại:Chùa Việt Nam theo tỉnh thành
Thể loại:Chùa tại Quảng Ngãi,Thể loại:Chùa Việt Nam theo tỉnh thành
Thể loại:Chùa tại Quảng Ninh,Thể loại:Chùa Việt Nam theo tỉnh thành
Thể loại:Chùa tại Quảng Trị,Thể loại:Chùa Việt Nam theo tỉnh thành
Thể loại:Chùa tại Sóc Trăng,Thể loại:Chùa Việt Nam theo tỉnh thành
Thể loại:Chùa tại Tây Ninh,Thể loại:Chùa Việt Nam theo tỉnh thành
Thể loại:Chùa tại Thái Bình,Thể loại:Chùa Việt Nam theo tỉnh thành
Thể loại:Chùa tại Thái Nguyên,Thể loại:Chùa Việt Nam theo tỉnh thành
Thể loại:Chùa tại Thanh Hóa,Thể loại:Chùa Việt Nam theo tỉnh thành
Thể loại:Chùa tại Thừa Thiên Huế,Thể loại:Chùa Việt Nam theo tỉnh thành
Thể loại:Chùa tại Tiền Giang,Thể loại:Chùa Việt Nam theo tỉnh thành
Thể loại:Chùa tại Trà Vinh,Thể loại:Chùa Việt Nam theo tỉnh thành
Thể loại:Chùa tại Vĩnh Long,Thể loại:Chùa Việt Nam theo tỉnh thành
Thể loại:Chùa tại Vĩnh Phúc,Thể loại:Chùa Việt Nam theo tỉnh thành
Thể loại:Chùa Việt Nam tại hải ngoại,Thể loại:Chùa Việt Nam
Thể loại:Cung điện tại Việt Nam,Thể_loại:Kiến_trúc_cổ_Việt_Nam
Thể loại:Kinh thành Huế,Thể loại:Cung điện tại Việt Nam
Thể loại:Hệ thống thủy đạo Kinh thành Huế,Thể loại:Kinh thành Huế
Thể loại:Quốc sử quán,Thể loại:Kinh thành Huế
Thể loại:Quốc sử quán (triều Nguyễn),Thể loại:Quốc sử quán
Thể loại:Tổng tài Quốc sử quán triều Nguyễn,Thể loại:Quốc sử quán (triều Nguyễn)
Thể loại:Di tích Việt Nam,Thể_loại:Kiến_trúc_cổ_Việt_Nam
Thể loại:Di tích quốc gia đặc biệt,Thể loại:Di tích Việt Nam
Thể loại:Di tích Việt Nam theo tỉnh thành,Thể loại:Di tích Việt Nam
Thể loại:Di tích tại An Giang,Thể loại:Di tích Việt Nam theo tỉnh thành
Thể loại:Đình tại An Giang,Thể loại:Di tích tại An Giang
Thể loại:Di tích tại Bà Rịa – Vũng Tàu,Thể loại:Di tích Việt Nam theo tỉnh thành
Thể loại:Chùa tại Bà Rịa – Vũng Tàu,Thể loại:Di tích tại Bà Rịa – Vũng Tàu
Thể loại:Di tích tại Bạc Liêu,Thể loại:Di tích Việt Nam theo tỉnh thành
Thể loại:Chùa tại Bạc Liêu,Thể loại:Di tích tại Bạc Liêu
Thể loại:Di tích tại Bắc Giang,Thể loại:Di tích Việt Nam theo tỉnh thành
Thể loại:Chùa tại Bắc Giang,Thể loại:Di tích tại Bắc Giang
Thể loại:Đình tại Bắc Giang,Thể loại:Di tích tại Bắc Giang
Thể loại:Di tích tại Bắc Kạn,Thể loại:Di tích Việt Nam theo tỉnh thành
Thể loại:Di tích tại Bắc Ninh,Thể loại:Di tích Việt Nam theo tỉnh thành
Thể loại:Chùa tại Bắc Ninh,Thể loại:Di tích tại Bắc Ninh
Thể loại:Đình tại Bắc Ninh,Thể loại:Di tích tại Bắc Ninh
Thể loại:Di tích tại Bến Tre,Thể loại:Di tích Việt Nam theo tỉnh thành
Thể loại:Đình tại Bến Tre,Thể loại:Di tích tại Bến Tre
Thể loại:Di tích tại Bình Dương,Thể loại:Di tích Việt Nam theo tỉnh thành
Thể loại:Đình tại Bình Dương,Thể loại:Di tích tại Bình Dương
Thể loại:Di tích tại Bình Định,Thể loại:Di tích Việt Nam theo tỉnh thành
Thể loại:Chùa tại Bình Định,Thể loại:Di tích tại Bình Định
Thể loại:Di tích tại Bình Phước,Thể loại:Di tích Việt Nam theo tỉnh thành
Thể loại:Di tích tại Bình Thuận,Thể loại:Di tích Việt Nam theo tỉnh thành
Thể loại:Di tích tại Cà Mau,Thể loại:Di tích Việt Nam theo tỉnh thành
Thể loại:Đình tại Cà Mau,Thể loại:Di tích tại Cà Mau
Thể loại:Di tích tại Cao Bằng,Thể loại:Di tích Việt Nam theo tỉnh thành
Thể loại:Di tích tại Cần Thơ,Thể loại:Di tích Việt Nam theo tỉnh thành
Thể loại:Đình tại Cần Thơ,Thể loại:Di tích tại Cần Thơ
Thể loại:Di tích tại Đà Nẵng,Thể loại:Di tích Việt Nam theo tỉnh thành
Thể loại:Di tích tại Điện Biên,Thể loại:Di tích Việt Nam theo tỉnh thành
Thể loại:Di tích tại Đồng Nai,Thể loại:Di tích Việt Nam theo tỉnh thành
Thể loại:Chùa tại Đồng Nai,Thể loại:Di tích tại Đồng Nai
Thể loại:Đình tại Đồng Nai,Thể loại:Di tích tại Đồng Nai
Thể loại:Di tích tại Đồng Tháp,Thể loại:Di tích Việt Nam theo tỉnh thành
Thể loại:Đình tại Đồng Tháp,Thể loại:Di tích tại Đồng Tháp
Thể loại:Di tích tại Đắk Lắk,Thể loại:Di tích Việt Nam theo tỉnh thành
Thể loại:Chùa tại Đắk Lắk,Thể loại:Di tích tại Đắk Lắk
Thể loại:Đình tại Đắk Lắk,Thể loại:Di tích tại Đắk Lắk
Thể loại:Di tích tại Đắk Nông,Thể loại:Di tích Việt Nam theo tỉnh thành
Thể loại:Di tích tại Gia Lai,Thể loại:Di tích Việt Nam theo tỉnh thành
Thể loại:Di tích tại Hà Nam,Thể loại:Di tích Việt Nam theo tỉnh thành
Thể loại:Đình tại Hà Nam,Thể loại:Di tích tại Hà Nam
Thể loại:Di tích tại Hà Nội,Thể loại:Di tích Việt Nam theo tỉnh thành
Thể loại:Chùa tại Hà Nội,Thể loại:Di tích tại Hà Nội
Thể loại:Di tích Cố đô Thăng Long,Thể loại:Di tích tại Hà Nội
Thể loại:Hoàng thành Thăng Long,Thể loại:Di tích Cố đô Thăng Long
Thể loại:Thăng Long tứ quán,Thể loại:Di tích Cố đô Thăng Long
Thể loại:Thăng Long tứ trấn,Thể loại:Di tích Cố đô Thăng Long
Thể loại:Đạo quán tại Hà Nội,Thể loại:Di tích tại Hà Nội
Thể loại:Đền tại Hà Nội,Thể loại:Di tích tại Hà Nội
Thể loại:Thăng Long tứ trấn,Thể loại:Đền tại Hà Nội
Thể loại:Văn Miếu - Quốc Tử Giám,Thể loại:Di tích tại Hà Nội
Thể loại:Di tích tại Hải Dương,Thể loại:Di tích Việt Nam theo tỉnh thành
Thể loại:Di tích tại Hậu Giang,Thể loại:Di tích Việt Nam theo tỉnh thành
Thể loại:Di tích tại Hưng Yên,Thể loại:Di tích Việt Nam theo tỉnh thành
Thể loại:Di tích tại Hà Giang,Thể loại:Di tích Việt Nam theo tỉnh thành
Thể loại:Di tích tại Hà Tĩnh,Thể loại:Di tích Việt Nam theo tỉnh thành
Thể loại:Chùa tại Hà Tĩnh,Thể loại:Di tích tại Hà Tĩnh
Thể loại:Đình tại Hà Tĩnh,Thể loại:Di tích tại Hà Tĩnh
Thể loại:Di tích tại Hải Phòng,Thể loại:Di tích Việt Nam theo tỉnh thành
Thể loại:Chùa tại Hải Phòng,Thể loại:Di tích tại Hải Phòng
Thể loại:Di tích tại Thành phố Hồ Chí Minh,Thể loại:Di tích Việt Nam theo tỉnh thành
Thể loại:Di tích tại Hòa Bình,Thể loại:Di tích Việt Nam theo tỉnh thành
Thể loại:Di tích tại Khánh Hòa,Thể loại:Di tích Việt Nam theo tỉnh thành
Thể loại:Đình tại Khánh Hòa,Thể loại:Di tích tại Khánh Hòa
Thể loại:Di tích tại Kiên Giang,Thể loại:Di tích Việt Nam theo tỉnh thành
Thể loại:Đình tại Kiên Giang,Thể loại:Di tích tại Kiên Giang
Thể loại:Di tích tại Kon Tum,Thể loại:Di tích Việt Nam theo tỉnh thành
Thể loại:Di tích tại Lạng Sơn,Thể loại:Di tích Việt Nam theo tỉnh thành
Thể loại:Di tích tại Long An,Thể loại:Di tích Việt Nam theo tỉnh thành
Thể loại:Di tích tại Lai Châu,Thể loại:Di tích Việt Nam theo tỉnh thành
Thể loại:Di tích tại Lào Cai,Thể loại:Di tích Việt Nam theo tỉnh thành
Thể loại:Di tích tại Lâm Đồng,Thể loại:Di tích Việt Nam theo tỉnh thành
Thể loại:Di tích tại Ninh Thuận,Thể loại:Di tích Việt Nam theo tỉnh thành
Thể loại:Di tích tại Nam Định,Thể loại:Di tích Việt Nam theo tỉnh thành
Thể loại:Chùa tại Nam Định,Thể loại:Di tích tại Nam Định
Thể loại:Di tích tại Nghệ An,Thể loại:Di tích Việt Nam theo tỉnh thành
Thể loại:Đình tại Nghệ An,Thể loại:Di tích tại Nghệ An
Thể loại:Di tích tại Ninh Bình,Thể loại:Di tích Việt Nam theo tỉnh thành
Thể loại:Chùa tại Ninh Bình,Thể loại:Di tích tại Ninh Bình
Thể loại:Di tích Cố đô Hoa Lư,Thể loại:Di tích tại Ninh Bình
Thể loại:Quần thể danh thắng Tràng An,Thể loại:Di tích tại Ninh Bình
Thể loại:Di tích tại Phú Thọ,Thể loại:Di tích Việt Nam theo tỉnh thành
Thể loại:Di tích tại Phú Yên,Thể loại:Di tích Việt Nam theo tỉnh thành
Thể loại:Di tích tại Quảng Nam,Thể loại:Di tích Việt Nam theo tỉnh thành
Thể loại:Di tích tại Quảng Bình,Thể loại:Di tích Việt Nam theo tỉnh thành
Thể loại:Di tích tại Quảng Ngãi,Thể loại:Di tích Việt Nam theo tỉnh thành
Thể loại:Di tích tại Quảng Ninh,Thể loại:Di tích Việt Nam theo tỉnh thành
Thể loại:Chùa tại Quảng Ninh,Thể loại:Di tích tại Quảng Ninh
Thể loại:Đình tại Quảng Ninh,Thể loại:Di tích tại Quảng Ninh
Thể loại:Di tích tại Quảng Trị,Thể loại:Di tích Việt Nam theo tỉnh thành
Thể loại:Cụm Di tích Đôi bờ Hiền Lương,Thể loại:Di tích tại Quảng Trị
Thể loại:Di tích tại Sơn La,Thể loại:Di tích Việt Nam theo tỉnh thành
Thể loại:Di tích tại Sóc Trăng,Thể loại:Di tích Việt Nam theo tỉnh thành
Thể loại:Di tích tại Thừa Thiên Huế,Thể loại:Di tích Việt Nam theo tỉnh thành
Thể loại:Di tích Cố đô Huế,Thể loại:Di tích tại Thừa Thiên Huế
Thể loại:Di tích ngoài Kinh Thành Huế,Thể loại:Di tích Cố đô Huế
Thể loại:Đàn tế cổ ở Huế,Thể loại:Di tích Cố đô Huế
Thể loại:Hệ thống thủy đạo Kinh thành Huế,Thể loại:Di tích Cố đô Huế
Thể loại:Hoàng thành Huế,Thể loại:Di tích Cố đô Huế
Thể loại:Kinh thành Huế,Thể loại:Di tích Cố đô Huế
Thể loại:Lăng tẩm Huế,Thể loại:Di tích Cố đô Huế
Thể loại:Tử Cấm thành (Huế),Thể loại:Di tích Cố đô Huế
Thể loại:Di tích tại Tiền Giang,Thể loại:Di tích Việt Nam theo tỉnh thành
Thể loại:Đình tại Tiền Giang,Thể loại:Di tích tại Tiền Giang
Thể loại:Di tích tại Trà Vinh,Thể loại:Di tích Việt Nam theo tỉnh thành
Thể loại:Di tích tại Tây Ninh,Thể loại:Di tích Việt Nam theo tỉnh thành
Thể loại:Di tích tại Thái Bình,Thể loại:Di tích Việt Nam theo tỉnh thành
Thể loại:Di tích tại Thái Nguyên,Thể loại:Di tích Việt Nam theo tỉnh thành
Thể loại:Di tích tại Thanh Hóa,Thể loại:Di tích Việt Nam theo tỉnh thành
Thể loại:Đình tại Thanh Hóa,Thể loại:Di tích tại Thanh Hóa
Thể loại:Di tích tại Tuyên Quang,Thể loại:Di tích Việt Nam theo tỉnh thành
Thể loại:Di tích tại Vĩnh Long,Thể loại:Di tích Việt Nam theo tỉnh thành
Thể loại:Đình tại Vĩnh Long,Thể loại:Di tích tại Vĩnh Long
Thể loại:Di tích tại Vĩnh Phúc,Thể loại:Di tích Việt Nam theo tỉnh thành
Thể loại:Di tích tại Yên Bái,Thể loại:Di tích Việt Nam theo tỉnh thành
Thể loại:Công trình lưu niệm danh nhân trong lịch sử Việt Nam,Thể loại:Di tích Việt Nam
Thể loại:Di sản Quân chủ Việt Nam,Thể loại:Di tích Việt Nam
Thể loại:Cố đô Việt Nam,Thể loại:Di sản Quân chủ Việt Nam
Thể loại:Di tích Cố đô Hoa Lư,Thể loại:Cố đô Việt Nam
Thể loại:Huế,Thể loại:Cố đô Việt Nam
Thể loại:Công trình xây dựng Huế,Thể loại:Huế
Thể loại:Di tích Cố đô Huế,Thể loại:Huế
Thể loại:Du lịch Huế,Thể loại:Huế
Thể loại:Địa lý Huế,Thể loại:Huế
Thể loại:Lịch sử Huế,Thể loại:Huế
Thể loại:Người Huế,Thể loại:Huế
Thể loại:Tôn giáo ở Huế,Thể loại:Huế
Thể loại:Văn hóa Huế,Thể loại:Huế
"Thể loại:Xã, phường thuộc thành phố Huế",Thể loại:Huế
Thể loại:Di tích Cố đô Huế,Thể loại:Di sản Quân chủ Việt Nam
Thể loại:Di tích ngoài Kinh Thành Huế,Thể loại:Di tích Cố đô Huế
Thể loại:Đàn tế cổ ở Huế,Thể loại:Di tích Cố đô Huế
Thể loại:Hệ thống thủy đạo Kinh thành Huế,Thể loại:Di tích Cố đô Huế
Thể loại:Hoàng thành Huế,Thể loại:Di tích Cố đô Huế
Thể loại:Kinh thành Huế,Thể loại:Di tích Cố đô Huế
Thể loại:Hệ thống thủy đạo Kinh thành Huế,Thể loại:Kinh thành Huế
Thể loại:Quốc sử quán,Thể loại:Kinh thành Huế
Thể loại:Lăng tẩm Huế,Thể loại:Di tích Cố đô Huế
"Thể loại:Lăng tẩm các vua, chúa Nguyễn",Thể loại:Lăng tẩm Huế
Thể loại:Tử Cấm thành (Huế),Thể loại:Di tích Cố đô Huế
Thể loại:Di tích Cố đô Thăng Long,Thể loại:Di sản Quân chủ Việt Nam
Thể loại:Hoàng thành Thăng Long,Thể loại:Di tích Cố đô Thăng Long
Thể loại:Thăng Long tứ quán,Thể loại:Di tích Cố đô Thăng Long
Thể loại:Thăng Long tứ trấn,Thể loại:Di tích Cố đô Thăng Long
Thể loại:Di sản triều đại nhà Nguyễn,Thể loại:Di sản Quân chủ Việt Nam
Thể loại:Quốc sử quán (triều Nguyễn),Thể loại:Di sản triều đại nhà Nguyễn
Thể loại:Tổng tài Quốc sử quán triều Nguyễn,Thể loại:Quốc sử quán (triều Nguyễn)
Thể loại:Thành Việt Nam thời Nguyễn,Thể loại:Di sản triều đại nhà Nguyễn
Thể loại:Văn hóa Việt Nam thời Nguyễn,Thể loại:Di sản triều đại nhà Nguyễn
Thể loại:Di tích Cố đô Huế,Thể loại:Văn hóa Việt Nam thời Nguyễn
Thể loại:Nghệ thuật Việt Nam thời Nguyễn,Thể loại:Văn hóa Việt Nam thời Nguyễn
Thể loại:Nhạc cung đình Huế,Thể loại:Văn hóa Việt Nam thời Nguyễn
Thể loại:Thần kinh nhị thập cảnh,Thể loại:Văn hóa Việt Nam thời Nguyễn
Thể loại:Trò chơi cung đình Huế dưới Triều Nguyễn,Thể loại:Văn hóa Việt Nam thời Nguyễn
Thể loại:Di tích lịch sử Việt Nam,Thể loại:Di tích Việt Nam
Thể loại:Di tích lịch sử Việt Nam tại Trung Quốc,Thể loại:Di tích lịch sử Việt Nam
Thể loại:Phố cổ tại Việt Nam,Thể loại:Di tích lịch sử Việt Nam
Thể loại:Phố cổ Hội An,Thể loại:Phố cổ tại Việt Nam
Thể loại:Khu phố cổ Hà Nội,Thể loại:Phố cổ tại Việt Nam
Thể loại:Di tích lịch sử Việt Nam tại Trung Quốc,Thể loại:Di tích Việt Nam
Thể loại:Di tích nhà Lý,Thể loại:Di tích Việt Nam
Thể loại:Điểm tham quan ở Việt Nam,Thể loại:Di tích Việt Nam
Thể loại:Bãi biển Việt Nam,Thể loại:Điểm tham quan ở Việt Nam
Thể loại:Bãi biển Quy Nhơn,Thể loại:Bãi biển Việt Nam
Thể loại:Bãi biển Đà Nẵng,Thể loại:Bãi biển Việt Nam
Thể loại:Bảo tàng tại Việt Nam,Thể loại:Điểm tham quan ở Việt Nam
Thể loại:Bảo tàng Mỹ thuật Việt Nam,Thể loại:Bảo tàng tại Việt Nam
Thể loại:Hiện vật Bảo tàng Mỹ thuật Việt Nam,Thể loại:Bảo tàng Mỹ thuật Việt Nam
Thể loại:Bảo tàng về Chiến tranh Việt Nam,Thể loại:Bảo tàng tại Việt Nam
Thể loại:Bảo tàng Lịch sử Quân sự Việt Nam,Thể loại:Bảo tàng về Chiến tranh Việt Nam
Thể loại:Bảo tàng tại Đà Nẵng,Thể loại:Bảo tàng tại Việt Nam
Thể loại:Bảo tàng tại Đắk Lắk,Thể loại:Bảo tàng tại Việt Nam
Thể loại:Bảo tàng tại Hà Nội,Thể loại:Bảo tàng tại Việt Nam
Thể loại:Bảo tàng Lịch sử Quân sự Việt Nam,Thể loại:Bảo tàng tại Hà Nội
Thể loại:Viện bảo tàng lịch sử Việt Nam,Thể loại:Bảo tàng tại Hà Nội
Thể loại:Bảo tàng Quân đội nhân dân Việt Nam,Thể loại:Bảo tàng tại Việt Nam
Thể loại:Bảo tàng Lịch sử Quân sự Việt Nam,Thể loại:Bảo tàng Quân đội nhân dân Việt Nam
Thể loại:Bảo tàng tại Thành phố Hồ Chí Minh,Thể loại:Bảo tàng tại Việt Nam
Thể loại:Công trình tôn giáo tại Việt Nam,Thể loại:Điểm tham quan ở Việt Nam
Thể loại:Chùa Việt Nam,Thể loại:Công trình tôn giáo tại Việt Nam
Thể loại:Chùa Việt Nam theo tỉnh thành,Thể loại:Chùa Việt Nam
Thể loại:Chùa Việt Nam tại hải ngoại,Thể loại:Chùa Việt Nam
Thể loại:Đền thờ Ấn Độ giáo tại Việt Nam,Thể loại:Công trình tôn giáo tại Việt Nam
Thể loại:Đàn Xã Tắc,Thể loại:Công trình tôn giáo tại Việt Nam
Thể loại:Đền tại Việt Nam,Thể loại:Công trình tôn giáo tại Việt Nam
Thể loại:Đình Việt Nam,Thể loại:Đền tại Việt Nam
Thể loại:Miếu Việt Nam,Thể loại:Đền tại Việt Nam
Thể loại:Tháp Chăm,Thể loại:Đền tại Việt Nam
Thể loại:Đền tại Hà Nội,Thể loại:Đền tại Việt Nam
Thể loại:Đền tại Thành phố Hồ Chí Minh,Thể loại:Đền tại Việt Nam
Thể loại:Văn miếu tại Việt Nam,Thể loại:Đền tại Việt Nam
Thể loại:Công trình tôn giáo tại Hà Nội,Thể loại:Công trình tôn giáo tại Việt Nam
Thể loại:Chùa tại Hà Nội,Thể loại:Công trình tôn giáo tại Hà Nội
Thể loại:Đạo quán tại Hà Nội,Thể loại:Công trình tôn giáo tại Hà Nội
Thể loại:Đền tại Hà Nội,Thể loại:Công trình tôn giáo tại Hà Nội
Thể loại:Đình tại Hà Nội,Thể loại:Công trình tôn giáo tại Hà Nội
Thể loại:Nhà thờ tại Hà Nội,Thể loại:Công trình tôn giáo tại Hà Nội
Thể loại:Công trình tôn giáo tại Thành phố Hồ Chí Minh,Thể loại:Công trình tôn giáo tại Việt Nam
Thể loại:Chùa tại Thành phố Hồ Chí Minh,Thể loại:Công trình tôn giáo tại Thành phố Hồ Chí Minh
Thể loại:Công trình tôn giáo do người Hoa xây dựng tại Sài Gòn,Thể loại:Công trình tôn giáo tại Thành phố Hồ Chí Minh
Thể loại:Đền tại Thành phố Hồ Chí Minh,Thể loại:Công trình tôn giáo tại Thành phố Hồ Chí Minh
Thể loại:Đình tại Thành phố Hồ Chí Minh,Thể loại:Công trình tôn giáo tại Thành phố Hồ Chí Minh
Thể loại:Miếu tại Thành phố Hồ Chí Minh,Thể loại:Công trình tôn giáo tại Thành phố Hồ Chí Minh
Thể loại:Nhà thờ tại Thành phố Hồ Chí Minh,Thể loại:Công trình tôn giáo tại Thành phố Hồ Chí Minh
Thể loại:Nhà thờ tại Việt Nam,Thể loại:Công trình tôn giáo tại Việt Nam
Thể loại:Nhà thờ Công giáo tại Việt Nam,Thể loại:Nhà thờ tại Việt Nam
Thể loại:Nhà thờ Tin Lành tại Việt Nam,Thể loại:Nhà thờ tại Việt Nam
Thể loại:Nhà thờ tại An Giang,Thể loại:Nhà thờ tại Việt Nam
Thể loại:Nhà thờ tại Đắk Lắk,Thể loại:Nhà thờ tại Việt Nam
Thể loại:Nhà thờ tại Hà Tĩnh,Thể loại:Nhà thờ tại Việt Nam
Thể loại:Nhà thờ tại Hà Nội,Thể loại:Nhà thờ tại Việt Nam
Thể loại:Nhà thờ tại Thành phố Hồ Chí Minh,Thể loại:Nhà thờ tại Việt Nam
Thể loại:Nhà thờ tại Khánh Hòa,Thể loại:Nhà thờ tại Việt Nam
Thể loại:Nhà thờ tại Kontum,Thể loại:Nhà thờ tại Việt Nam
Thể loại:Nhà thờ tại Lào Cai,Thể loại:Nhà thờ tại Việt Nam
Thể loại:Nhà thờ tại Lâm Đồng,Thể loại:Nhà thờ tại Việt Nam
Thể loại:Nhà thờ tại Ninh Bình,Thể loại:Nhà thờ tại Việt Nam
Thể loại:Nhà thờ tại Nam Định,Thể loại:Nhà thờ tại Việt Nam
Thể loại:Nhà thờ tại Nghệ An,Thể loại:Nhà thờ tại Việt Nam
Thể loại:Nhà thờ Việt Nam tại hải ngoại,Thể loại:Nhà thờ tại Việt Nam
Thể loại:Nhà thờ tại Phú Yên,Thể loại:Nhà thờ tại Việt Nam
Thể loại:Nhà thờ tại Quảng Bình,Thể loại:Nhà thờ tại Việt Nam
Thể loại:Nhà thờ tại Quảng Ninh,Thể loại:Nhà thờ tại Việt Nam
Thể loại:Nhà thờ tại Tây Ninh,Thể loại:Nhà thờ tại Việt Nam
Thể loại:Nhà thờ tại Thừa Thiên Huế,Thể loại:Nhà thờ tại Việt Nam
Thể loại:Vương cung thánh đường tại Việt Nam,Thể loại:Nhà thờ tại Việt Nam
Thể loại:Thánh thất Cao Đài,Thể loại:Công trình tôn giáo tại Việt Nam
Thể loại:Tu viện Việt Nam,Thể loại:Công trình tôn giáo tại Việt Nam
Thể loại:Công viên Việt Nam,Thể loại:Điểm tham quan ở Việt Nam
Thể loại:Công viên vui chơi tại Việt Nam,Thể loại:Công viên Việt Nam
Thể loại:Công viên tại Hà Nội,Thể loại:Công viên Việt Nam
Thể loại:Vườn hoa Hà Nội,Thể loại:Công viên tại Hà Nội
Thể loại:Công viên tại Thành phố Hồ Chí Minh,Thể loại:Công viên Việt Nam
Thể loại:Vườn ở Việt Nam,Thể loại:Công viên Việt Nam
Thể loại:Vườn thú tại Việt Nam,Thể loại:Vườn ở Việt Nam
Thể loại:Vườn quốc gia Việt Nam,Thể loại:Công viên Việt Nam
Thể loại:Di sản thế giới tại Việt Nam,Thể loại:Điểm tham quan ở Việt Nam
Thể loại:Di tích Cố đô Huế,Thể loại:Di sản thế giới tại Việt Nam
Thể loại:Di tích ngoài Kinh Thành Huế,Thể loại:Di tích Cố đô Huế
Thể loại:Đàn tế cổ ở Huế,Thể loại:Di tích Cố đô Huế
Thể loại:Hệ thống thủy đạo Kinh thành Huế,Thể loại:Di tích Cố đô Huế
Thể loại:Hoàng thành Huế,Thể loại:Di tích Cố đô Huế
Thể loại:Kinh thành Huế,Thể loại:Di tích Cố đô Huế
Thể loại:Lăng tẩm Huế,Thể loại:Di tích Cố đô Huế
Thể loại:Tử Cấm thành (Huế),Thể loại:Di tích Cố đô Huế
Thể loại:Di tích lịch sử Việt Nam,Thể loại:Điểm tham quan ở Việt Nam
Thể loại:Di tích lịch sử Việt Nam tại Trung Quốc,Thể loại:Di tích lịch sử Việt Nam
Thể loại:Phố cổ tại Việt Nam,Thể loại:Di tích lịch sử Việt Nam
Thể loại:Phố cổ Hội An,Thể loại:Phố cổ tại Việt Nam
Thể loại:Khu phố cổ Hà Nội,Thể loại:Phố cổ tại Việt Nam
Thể loại:Địa điểm giải trí ở Việt Nam,Thể loại:Điểm tham quan ở Việt Nam
Thể loại:Công viên vui chơi tại Việt Nam,Thể loại:Địa điểm giải trí ở Việt Nam
Thể loại:Sân vận động tại Việt Nam,Thể loại:Địa điểm giải trí ở Việt Nam
Thể loại:Sân vận động Hà Nội,Thể loại:Sân vận động tại Việt Nam
Thể loại:Sân vận động đa năng Việt Nam,Thể loại:Sân vận động tại Việt Nam
Thể loại:Địa điểm bóng đá Việt Nam,Thể loại:Sân vận động tại Việt Nam
Thể loại:Địa điểm điền kinh Việt Nam,Thể loại:Sân vận động tại Việt Nam
Thể loại:Sân golf Việt Nam,Thể loại:Sân vận động tại Việt Nam
Thể loại:Nhà thi đấu Việt Nam,Thể loại:Sân vận động tại Việt Nam
Thể loại:Địa điểm thể thao tại Thành phố Hồ Chí Minh,Thể loại:Sân vận động tại Việt Nam
Thể loại:Vườn thú tại Việt Nam,Thể loại:Địa điểm giải trí ở Việt Nam
Thể loại:Hang động Việt Nam,Thể loại:Điểm tham quan ở Việt Nam
Thể loại:Hang động tại Ninh Bình,Thể loại:Hang động Việt Nam
Thể loại:Hang động tại Quảng Bình,Thể loại:Hang động Việt Nam
Thể loại:Hồ Việt Nam,Thể loại:Điểm tham quan ở Việt Nam
Thể loại:Hồ tại Việt Nam theo tỉnh thành,Thể loại:Hồ Việt Nam
Thể loại:Hồ tại An Giang,Thể loại:Hồ tại Việt Nam theo tỉnh thành
Thể loại:Hồ tại Bắc Giang,Thể loại:Hồ tại Việt Nam theo tỉnh thành
Thể loại:Hồ tại Bắc Kạn,Thể loại:Hồ tại Việt Nam theo tỉnh thành
Thể loại:Hồ tại Bến Tre,Thể loại:Hồ tại Việt Nam theo tỉnh thành
Thể loại:Hồ tại Bình Dương,Thể loại:Hồ tại Việt Nam theo tỉnh thành
Thể loại:Hồ tại Bình Định,Thể loại:Hồ tại Việt Nam theo tỉnh thành
Thể loại:Hồ tại Bình Phước,Thể loại:Hồ tại Việt Nam theo tỉnh thành
Thể loại:Hồ tại Bình Thuận,Thể loại:Hồ tại Việt Nam theo tỉnh thành
Thể loại:Hồ tại Cao Bằng,Thể loại:Hồ tại Việt Nam theo tỉnh thành
Thể loại:Hồ tại Đắk Lắk,Thể loại:Hồ tại Việt Nam theo tỉnh thành
Thể loại:Hồ tại Đắk Nông,Thể loại:Hồ tại Việt Nam theo tỉnh thành
Thể loại:Hồ tại Điện Biên,Thể loại:Hồ tại Việt Nam theo tỉnh thành
Thể loại:Hồ tại Đồng Nai,Thể loại:Hồ tại Việt Nam theo tỉnh thành
Thể loại:Hồ tại Gia Lai,Thể loại:Hồ tại Việt Nam theo tỉnh thành
Thể loại:Hồ tại Hà Tĩnh,Thể loại:Hồ tại Việt Nam theo tỉnh thành
Thể loại:Hồ tại Hà Giang,Thể loại:Hồ tại Việt Nam theo tỉnh thành
Thể loại:Hồ tại Hà Nội,Thể loại:Hồ tại Việt Nam theo tỉnh thành
Thể loại:Hồ tại Hòa Bình,Thể loại:Hồ tại Việt Nam theo tỉnh thành
Thể loại:Hồ tại Kon Tum,Thể loại:Hồ tại Việt Nam theo tỉnh thành
Thể loại:Hồ tại Lai Châu,Thể loại:Hồ tại Việt Nam theo tỉnh thành
Thể loại:Hồ tại Lào Cai,Thể loại:Hồ tại Việt Nam theo tỉnh thành
Thể loại:Hồ tại Lâm Đồng,Thể loại:Hồ tại Việt Nam theo tỉnh thành
Thể loại:Hồ tại Nghệ An,Thể loại:Hồ tại Việt Nam theo tỉnh thành
Thể loại:Hồ tại Ninh Bình,Thể loại:Hồ tại Việt Nam theo tỉnh thành
Thể loại:Hồ tại Phú Yên,Thể loại:Hồ tại Việt Nam theo tỉnh thành
Thể loại:Hồ tại Quảng Nam,Thể loại:Hồ tại Việt Nam theo tỉnh thành
Thể loại:Hồ tại Quảng Bình,Thể loại:Hồ tại Việt Nam theo tỉnh thành
Thể loại:Hồ tại Quảng Ninh,Thể loại:Hồ tại Việt Nam theo tỉnh thành
Thể loại:Hồ tại Sơn La,Thể loại:Hồ tại Việt Nam theo tỉnh thành
Thể loại:Hồ tại Thái Nguyên,Thể loại:Hồ tại Việt Nam theo tỉnh thành
Thể loại:Hồ tại Tây Ninh,Thể loại:Hồ tại Việt Nam theo tỉnh thành
Thể loại:Hồ tại Thanh Hóa,Thể loại:Hồ tại Việt Nam theo tỉnh thành
Thể loại:Hồ tại Thừa Thiên Huế,Thể loại:Hồ tại Việt Nam theo tỉnh thành
Thể loại:Hồ tại Tuyên Quang,Thể loại:Hồ tại Việt Nam theo tỉnh thành
Thể loại:Hồ tại Vĩnh Phúc,Thể loại:Hồ tại Việt Nam theo tỉnh thành
Thể loại:Hồ tại Yên Bái,Thể loại:Hồ tại Việt Nam theo tỉnh thành
Thể loại:Danh lam thắng cảnh tại Huế,Thể loại:Điểm tham quan ở Việt Nam
Thể loại:Sông Hương,Thể loại:Danh lam thắng cảnh tại Huế
Thể loại:Cầu qua sông Hương,Thể loại:Sông Hương
Thể loại:Thần kinh nhị thập cảnh,Thể loại:Danh lam thắng cảnh tại Huế
Thể loại:Khu bảo tồn Việt Nam,Thể loại:Điểm tham quan ở Việt Nam
Thể loại:Công viên Việt Nam,Thể loại:Khu bảo tồn Việt Nam
Thể loại:Công viên vui chơi tại Việt Nam,Thể loại:Công viên Việt Nam
Thể loại:Công viên tại Hà Nội,Thể loại:Công viên Việt Nam
Thể loại:Công viên tại Thành phố Hồ Chí Minh,Thể loại:Công viên Việt Nam
Thể loại:Vườn ở Việt Nam,Thể loại:Công viên Việt Nam
Thể loại:Vườn quốc gia Việt Nam,Thể loại:Công viên Việt Nam
Thể loại:Khu bảo tồn thiên nhiên Việt Nam,Thể loại:Khu bảo tồn Việt Nam
Thể loại:Khu Ramsar Việt Nam,Thể loại:Khu bảo tồn Việt Nam
Thể loại:Khu dự trữ sinh quyển Việt Nam,Thể loại:Khu bảo tồn Việt Nam
Thể loại:Vườn quốc gia Việt Nam,Thể loại:Khu bảo tồn Việt Nam
Thể loại:Quảng trường Việt Nam,Thể loại:Điểm tham quan ở Việt Nam
Thể loại:Quảng trường tại Hà Nội,Thể loại:Quảng trường Việt Nam
Thể loại:Quảng trường tại Thành phố Hồ Chí Minh,Thể loại:Quảng trường Việt Nam
Thể loại:Thác nước Việt Nam,Thể loại:Điểm tham quan ở Việt Nam
Thể loại:Vườn ở Việt Nam,Thể loại:Điểm tham quan ở Việt Nam
Thể loại:Vườn thú tại Việt Nam,Thể loại:Vườn ở Việt Nam
Thể loại:Vườn thú tại Việt Nam,Thể loại:Điểm tham quan ở Việt Nam
Thể loại:Di tích khảo cổ Việt Nam,Thể loại:Di tích Việt Nam
Thể loại:Di tích kiến trúc nghệ thuật Việt Nam,Thể loại:Di tích Việt Nam
Thể loại:Phố cổ tại Việt Nam,Thể loại:Di tích kiến trúc nghệ thuật Việt Nam
Thể loại:Phố cổ Hội An,Thể loại:Phố cổ tại Việt Nam
Thể loại:Khu phố cổ Hà Nội,Thể loại:Phố cổ tại Việt Nam
Thể loại:Phố cổ tại Việt Nam,Thể loại:Di tích Việt Nam
Thể loại:Phố cổ Hội An,Thể loại:Phố cổ tại Việt Nam
Thể loại:Khu phố cổ Hà Nội,Thể loại:Phố cổ tại Việt Nam
Thể loại:Di tích quốc gia Việt Nam,Thể loại:Di tích Việt Nam
Thể loại:Di tích quốc gia đặc biệt,Thể loại:Di tích quốc gia Việt Nam
Thể loại:Di sản thế giới tại Việt Nam,Thể loại:Di tích quốc gia Việt Nam
Thể loại:Di tích Cố đô Huế,Thể loại:Di sản thế giới tại Việt Nam
Thể loại:Di tích ngoài Kinh Thành Huế,Thể loại:Di tích Cố đô Huế
Thể loại:Đàn tế cổ ở Huế,Thể loại:Di tích Cố đô Huế
Thể loại:Hệ thống thủy đạo Kinh thành Huế,Thể loại:Di tích Cố đô Huế
Thể loại:Hoàng thành Huế,Thể loại:Di tích Cố đô Huế
Thể loại:Kinh thành Huế,Thể loại:Di tích Cố đô Huế
Thể loại:Lăng tẩm Huế,Thể loại:Di tích Cố đô Huế
Thể loại:Tử Cấm thành (Huế),Thể loại:Di tích Cố đô Huế
Thể loại:Thương cảng cổ Việt Nam,Thể loại:Di tích Việt Nam
Thể loại:Đền tại Việt Nam,Thể_loại:Kiến_trúc_cổ_Việt_Nam
Thể loại:Đình Việt Nam,Thể loại:Đền tại Việt Nam
Thể loại:Đình tại An Giang,Thể loại:Đình Việt Nam
Thể loại:Đình tại Bắc Giang,Thể loại:Đình Việt Nam
Thể loại:Đình tại Bắc Ninh,Thể loại:Đình Việt Nam
Thể loại:Đình tại Bến Tre,Thể loại:Đình Việt Nam
Thể loại:Đình tại Bình Dương,Thể loại:Đình Việt Nam
Thể loại:Đình tại Cà Mau,Thể loại:Đình Việt Nam
Thể loại:Đình tại Cần Thơ,Thể loại:Đình Việt Nam
Thể loại:Đình tại Đắk Lắk,Thể loại:Đình Việt Nam
Thể loại:Đình tại Đồng Nai,Thể loại:Đình Việt Nam
Thể loại:Đình tại Đồng Tháp,Thể loại:Đình Việt Nam
Thể loại:Đình tại Hà Nam,Thể loại:Đình Việt Nam
Thể loại:Đình tại Hà Nội,Thể loại:Đình Việt Nam
Thể loại:Đình tại Hà Tĩnh,Thể loại:Đình Việt Nam
Thể loại:Đình tại Khánh Hòa,Thể loại:Đình Việt Nam
Thể loại:Đình tại Kiên Giang,Thể loại:Đình Việt Nam
Thể loại:Đình tại Nghệ An,Thể loại:Đình Việt Nam
Thể loại:Đình tại Quảng Ninh,Thể loại:Đình Việt Nam
Thể loại:Đình tại Thanh Hóa,Thể loại:Đình Việt Nam
Thể loại:Đình tại Tiền Giang,Thể loại:Đình Việt Nam
Thể loại:Đình tại Thành phố Hồ Chí Minh,Thể loại:Đình Việt Nam
Thể loại:Đình tại Vĩnh Long,Thể loại:Đình Việt Nam
Thể loại:Miếu Việt Nam,Thể loại:Đền tại Việt Nam
Thể loại:Miếu tại Thành phố Hồ Chí Minh,Thể loại:Miếu Việt Nam
Thể loại:Tháp Chăm,Thể loại:Đền tại Việt Nam
Thể loại:Đền thờ Ấn Độ giáo tại Việt Nam,Thể loại:Tháp Chăm
Thể loại:Đền thờ vua chúa Chăm Pa,Thể loại:Tháp Chăm
Thể loại:Đền tại Hà Nội,Thể loại:Đền tại Việt Nam
Thể loại:Thăng Long tứ trấn,Thể loại:Đền tại Hà Nội
Thể loại:Đền tại Thành phố Hồ Chí Minh,Thể loại:Đền tại Việt Nam
Thể loại:Văn miếu tại Việt Nam,Thể loại:Đền tại Việt Nam
Thể loại:Đình Việt Nam,Thể_loại:Kiến_trúc_cổ_Việt_Nam
Thể loại:Đình tại An Giang,Thể loại:Đình Việt Nam
Thể loại:Đình tại Bắc Giang,Thể loại:Đình Việt Nam
Thể loại:Đình tại Bắc Ninh,Thể loại:Đình Việt Nam
Thể loại:Đình tại Bến Tre,Thể loại:Đình Việt Nam
Thể loại:Đình tại Bình Dương,Thể loại:Đình Việt Nam
Thể loại:Đình tại Cà Mau,Thể loại:Đình Việt Nam
Thể loại:Đình tại Cần Thơ,Thể loại:Đình Việt Nam
Thể loại:Đình tại Đắk Lắk,Thể loại:Đình Việt Nam
Thể loại:Đình tại Đồng Nai,Thể loại:Đình Việt Nam
Thể loại:Đình tại Đồng Tháp,Thể loại:Đình Việt Nam
Thể loại:Đình tại Hà Nam,Thể loại:Đình Việt Nam
Thể loại:Đình tại Hà Nội,Thể loại:Đình Việt Nam
Thể loại:Đình tại Hà Tĩnh,Thể loại:Đình Việt Nam
Thể loại:Đình tại Khánh Hòa,Thể loại:Đình Việt Nam
Thể loại:Đình tại Kiên Giang,Thể loại:Đình Việt Nam
Thể loại:Đình tại Nghệ An,Thể loại:Đình Việt Nam
Thể loại:Đình tại Quảng Ninh,Thể loại:Đình Việt Nam
Thể loại:Đình tại Thanh Hóa,Thể loại:Đình Việt Nam
Thể loại:Đình tại Tiền Giang,Thể loại:Đình Việt Nam
Thể loại:Đình tại Thành phố Hồ Chí Minh,Thể loại:Đình Việt Nam
Thể loại:Đình tại Vĩnh Long,Thể loại:Đình Việt Nam
Thể loại:Kiến trúc Việt Nam thời Mạc,Thể_loại:Kiến_trúc_cổ_Việt_Nam
Thể loại:Thành nhà Mạc,Thể loại:Kiến trúc Việt Nam thời Mạc
Thể loại:Làng cổ Việt Nam,Thể_loại:Kiến_trúc_cổ_Việt_Nam
Thể loại:Làng cổ An Giang,Thể loại:Làng cổ Việt Nam
Thể loại:Làng cổ Bắc Giang,Thể loại:Làng cổ Việt Nam
Thể loại:Làng cổ Bắc Ninh,Thể loại:Làng cổ Việt Nam
Thể loại:Làng cổ Cần Thơ,Thể loại:Làng cổ Việt Nam
Thể loại:Làng cổ Đà Nẵng,Thể loại:Làng cổ Việt Nam
Thể loại:Làng cổ Đồng Nai,Thể loại:Làng cổ Việt Nam
Thể loại:Làng cổ Hà Nội,Thể loại:Làng cổ Việt Nam
Thể loại:Làng cổ Hà Tĩnh,Thể loại:Làng cổ Việt Nam
Thể loại:Làng cổ Hưng Yên,Thể loại:Làng cổ Việt Nam
Thể loại:Làng cổ Hà Nam,Thể loại:Làng cổ Việt Nam
Thể loại:Làng cổ Nam Định,Thể loại:Làng cổ Việt Nam
Thể loại:Làng cổ Ninh Bình,Thể loại:Làng cổ Việt Nam
Thể loại:Làng cổ Quảng Ninh,Thể loại:Làng cổ Việt Nam
Thể loại:Làng cổ Quảng Trị,Thể loại:Làng cổ Việt Nam
Thể loại:Làng cổ Thanh Hóa,Thể loại:Làng cổ Việt Nam
Thể loại:Lăng mộ Việt Nam,Thể_loại:Kiến_trúc_cổ_Việt_Nam
Thể loại:Lăng tẩm Huế,Thể loại:Lăng mộ Việt Nam
"Thể loại:Lăng tẩm các vua, chúa Nguyễn",Thể loại:Lăng tẩm Huế
Thể loại:Miếu Việt Nam,Thể_loại:Kiến_trúc_cổ_Việt_Nam
Thể loại:Miếu tại Thành phố Hồ Chí Minh,Thể loại:Miếu Việt Nam
Thể loại:Phố cổ tại Việt Nam,Thể_loại:Kiến_trúc_cổ_Việt_Nam
Thể loại:Phố cổ Hội An,Thể loại:Phố cổ tại Việt Nam
Thể loại:Khu phố cổ Hà Nội,Thể loại:Phố cổ tại Việt Nam
Thể loại:Thành cổ Việt Nam,Thể_loại:Kiến_trúc_cổ_Việt_Nam
Thể loại:Thành Chăm Pa,Thể loại:Thành cổ Việt Nam
Thể loại:Kinh đô Chăm Pa,Thể loại:Thành Chăm Pa
Thể loại:Indrapura,Thể loại:Kinh đô Chăm Pa
Thể loại:Lãnh tụ Indrapura,Thể loại:Indrapura
Thể loại:Thành Việt Nam thời Nguyễn,Thể loại:Thành cổ Việt Nam
